First name	Last name	Party	Phrase	Occupation	Subject area
Diane	Abbott	Labour	Newnham College, Cambridge	history	No occupation found	Historical & philosophical studies
Debbie	Abrahams	Labour	University of Salford, University of Liverpool	biochemistry and physiology at the University of Salford, and her early employment was as a community worker for a charity in Wythenshawe in south Manchester, where she set up job training programmes for teenagers, for a Masters degree at the University of Liverpool	Public health consultant	Subjects allied to medicine
Nigel	Adams	Conservative	Selby High School		No occupation found	
Adam	Afriyie	Conservative	Wye College/Imperial College London	agricultural economics from Wye College 	Politician	Agriculture & related subjects
Bob	Ainsworth	Labour	No university found		No occupation found	
Peter	Aldous	Conservative	University of Reading	from the University of Reading with a degree in Land Management in 	MP	Agriculture & related subjects
Danny	Alexander	Liberal Democrat	St Anne's College, Oxford	, Philosophy, Politics and Economics , a memo which showed that as a result of the cuts the government would be announcing up to , edit	No occupation found	Social studies
Douglas	Alexander	Labour	University of Edinburgh	politics and modern history at the University of Edinburgh, in America, he worked for Michael Dukakis during the , from Edinburgh with a first, , for an LL, with Distinction in , as a solicitor, in 	No occupation found	Social studies
Heidi	Alexander	Labour	University of Durham	at Durham University where she received a BA in Geography and a Masters in European Urban and Regional Change	No occupation found	Social studies
Rushanara	Ali	Labour	St John's College, Oxford	her family to go to university, Ali studied Philosophy, Politics and Economics at St John	Politician	Social studies
Graham	Allen	Labour	University of Leeds, London Guildhall University	from City of London Polytechnic, and received an MA citation needed	No occupation found	Other
David	Amess	Conservative	Bournemouth University	BSc degree with honours in Economics and Government	No occupation found	Social studies
David	Anderson	Labour	Durham University		No occupation found	
Stuart	Andrew	Conservative	No university found		Charity Fundraiser	
James	Arbuthnot	Conservative	Trinity College, Cambridge	law degree in 	No occupation found	Law
Jonathan	Ashworth	Labour	No university found		No occupation found	
Ian	Austin	Labour	University of Essex	at the University of Essex at Colchester from 	No occupation found	Other
Richard	Bacon	Conservative	London School of Economics and Political Science	First in politics and economics	No occupation found	Social studies
Adrian	Bailey	Labour	University of Exeter, Loughborough University	in , in , skills in a Cheshire Comprehensive school	No occupation found	Other
William	Bain	Labour	No university found		No occupation found	
Norman	Baker	Liberal Democrat	Royal Holloway, University of London	BA degree in German , it all  Baker	No occupation found	Languages
Steven	Baker	Conservative	No university found		No occupation found	
Tony	Baldry	Conservative	University of Sussex	Law	Barrister	Law
Harriett	Baldwin	Conservative	No university found	Modern Languages 	No occupation found	Languages
Edward	Balls	Labour	No university found		No occupation found	
Gordon	Banks	Labour	No university found	a second penalty which Collar converted, and Leicester lost the game , for UEFA Euro , an OBE, an honorary doctorate from Keele University in February , in 	No occupation found	Medicine & dentistry
Stephen	Barclay	Conservative	Peterhouse, Cambridge	history at Peterhouse, Cambridge and later studied at the College of Law, Chester, qualifying as a solicitor in 	Solicitor	Law
Gregory	Barker	Conservative	Royal Holloway, University of London; London Business School	BA , History 	No occupation found	Historical & philosophical studies
John	Baron	Conservative	Jesus College, Cambridge		No occupation found	
Kevin	Barron	Labour	Ruskin College	Diploma in Labour Studies in 	No occupation found	Other
Gavin	Barwell	Conservative	Trinity College, Cambridge	degree in Natural Sciences from Trinity College, Cambridge, graduating in , in the Lords on , on 	No occupation found	Physical sciences
Hugh	Bayley	Labour	University of Bristol	Politics BSc degree in , a BPhil degree in Southern African Studies in 	No occupation found	Social studies
Guto	Bebb	Conservative	University of Aberystwyth	from the University of Wales, Aberystwyth in 	Business development director	Other
Margaret	Beckett	Labour	University of Manchester Institute of Science and Technology	as a metallurgist	No occupation found	Engineering & technology
Anne	Begg	Labour	University of Aberdeen	MA in History and Politics, Secondary Teaching Certificate in 	No occupation found	Social studies
Alan	Beith	Liberal Democrat	Balliol College, Oxford and Nuffield College	Philosophy, Politics and Economics graduating in , Bachelor of Letters , of the Marriage , an honorary degree from Earlham College in Richmond, Indiana in , of the equal marriage bill	Politician	Social studies
Henry	Bellingham	Conservative	Magdalene College, Cambridge	degree in law in 	No occupation found	Law
Hilary	Benn	Labour	University of Sussex	in Russian and East European Studies	No occupation found	Languages
Joe	Benton	Labour	No university found		No occupation found	
Richard	Benyon	Conservative	Royal Agricultural College		No occupation found	

Notice: Undefined index: - in /Users/Jamie/MPs Degrees/MP_degrees.php on line 155
John	Bercow	-	University of Essex	from the University of Essex in , , with a first, Government from the University of Essex in , from university, Bercow was elected as the last National Chairman of the Federation of Conservative Students , edit	No occupation found	Social studies
Paul	Beresford	Conservative	No university found		No occupation found	
Luciana	Berger	Labour	University of Birmingham, Birkbeck, University of London	degree in Commerce and Spanish and spent a year studying in ICADE in Madrid, , Government, Politics and Policy	No occupation found	Social studies
Jake	Berry	Conservative	University of Sheffield and Chester College	for a Law degree at Sheffield University	Solicitor	Law
Clive	Betts	Labour	Pembroke College, Cambridge	BA in Economics and Politics	No occupation found	Social studies
Andrew	Bingham	Conservative	University of Derby		Businessman	
Brian	Binley	Conservative	No university found	six month driving ban in May 	Company Director	Other
Gordon	Birtwistle	Liberal Democrat	No university found	engineering at Accrington College on one day release and two nights a week and achieved two higher nationals, one in mechanical engineering and one in production engineering	No occupation found	Engineering & technology
Bob	Blackman	Conservative	University of Liverpool		No occupation found	
Roberta	Blackman-Woods	Labour	University of Ulster	with a BSc degree and later a PhD in Social Science	Academic	Social studies
Nicola	Blackwood	Conservative	St Anne's College, Oxford and Emmanuel College, Cambridge	First in music, and later obtained an M	No occupation found	Creative arts & design
Hazel	Blears	Labour	Nottingham Trent University	with a BA , Law, and later, the Chester College of Law in 	Solicitor	Law
Tom	Blenkinsop	Labour	Teesside University	BSc in Philosophy, Politics and Economics, and the University of Warwick, where he was awarded an MA in Continental philosophy	No occupation found	Social studies
Paul	Blomfield	Labour	St John's College, York	certificate in education from York St John University	No occupation found	Education
David	Blunkett	Labour	University of Sheffield, Huddersfield Holly Bank College of Education (PGCE)	BA honours degree in Political Theory and Institutions, Post Graduate Certificate in Education , has shown that universities are now educating more than one, wide range of support, particularly among third sector organisations, status as an Academician of the Academy of Social Sciences	No occupation found	Social studies
Crispin	Blunt	Conservative	Royal Military Academy Sandhurst	Regular Commission, before reading Politics at University College, Durham between , with a 	No occupation found	Social studies
Nicholas	Boles	Conservative	Winchester College	PPE at Magdalen College, Oxford, then winning a Kennedy Scholarship to study for a Master	No occupation found	Social studies
Peter	Bone	Conservative	No university found	out live on Sky Sports in January , in February , on 	Accountant	Other
Peter	Bottomley	Conservative	Trinity College, Cambridge	economics at Trinity College, Cambridge, following his father, grandfather, father, knighthood 	No occupation found	Social studies
Karen	Bradley	Conservative	Imperial College London	with a BSc in Mathematics	No occupation found	Mathematical sciences
Ben	Bradshaw	Labour	University of Sussex	for a degree in German, dentist	No occupation found	Subjects allied to medicine
Graham	Brady	Conservative	St Aidan's College, Durham	with a BA in Law in 	No occupation found	Law
Tom	Brake	Liberal Democrat	Imperial College London	BSc in Physics in 	No occupation found	Physical sciences
Angie	Bray	Conservative	University of St Andrews	medieval history	No occupation found	Historical & philosophical studies
Julian	Brazier	Conservative	Brasenose College, Oxford, London Business School	joint honours BA degree in mathematics and philosophy, later promoted to an Oxford MA, the Territorial Decoration in , the 	No occupation found	Mathematical sciences
Kevin	Brennan	Labour	Pembroke College, Oxford, Cardiff University, University of Glamorgan	in Philosophy, Politics and Economics in , at the University College of Wales, Cardiff where he qualified as a teacher with a PGCE in history in , Education Management at the University of Glamorgan in 	No occupation found	Social studies
Andrew	Bridgen	Conservative	Nottingham University	genetics and behaviour at Nottingham University, graduating with a degree in Biological Sciences	Businessman	Biological sciences
Steve	Brine	Conservative	University of Liverpool	History	No occupation found	Historical & philosophical studies
James	Brokenshire	Conservative	University of Exeter	law at the University of Exeter before beginning work with a large international law firm, law at the University of Exeter	No occupation found	Law
Annette	Brooke	Liberal Democrat	London School of Economics	BSc degree in Economics, as a teacher at Hughes Hall, Cambridge	No occupation found	Social studies
Gordon	Brown	Labour	University of Edinburgh	
, history at the same early age of sixteen, kick to the head and suffered a retinal detachment, from Edinburgh with First, history in , history , between , them a , edit	No occupation found	Historical & philosophical studies
Lyn	Brown	Labour	Roehampton University	crime fiction and walking	No occupation found	Other
Nick	Brown	Labour	University of Manchester	at the University of Manchester	No occupation found	Other
Russell	Brown	Labour	No university found		No occupation found	
Jeremy	Browne	Liberal Democrat	University of Nottingham	politics	No occupation found	Social studies
Fiona	Bruce	Conservative	No university found	French and Italian at Hertford College, Oxford, during which period she was a punk, and for one week had blue hair, the female Rear of the Year title for 	Television producer, news presenter, presenter	Languages
Malcolm	Bruce	Liberal Democrat	University of St Andrews, University of Strathclyde	degree in economics and political science, and Strathclyde University where he received a second degree in marketing	No occupation found	Social studies
Chris	Bryant	Labour	Mansfield College, Oxford	BA degree in English in , further degree in theology	Author	Languages
Karen	Buck	Labour	London School of Economics	a BSc and a MSc in Economics, and a MA in Social Policy and Administration	Member of Parliament	Social studies
Robert	Buckland	Conservative	Inns of Court School of Law, University of Durham	in Law in 	Barrister, Crown Court Recorder	Law
Richard	Burden	Labour	University of York, University of Warwick	degree in Politics and was the president of the Students, Master	No occupation found	Social studies
Aidan	Burley	Conservative	St John's College, Oxford	theology at St John	No occupation found	Historical & philosophical studies
Andy	Burnham	Labour	Fitzwilliam College, Cambridge	for an English degree at Fitzwilliam College	No occupation found	Languages
Conor	Burns	Conservative	University of Southampton	Modern History and Politics at the University of Southampton, of the bill	No occupation found	Social studies
Simon	Burns	Conservative	Worcester College, Oxford	BA Honours Degree in Modern History , sensitive papers on the train, but this claim was immediately contradicted by the Cabinet Office	No occupation found	Historical & philosophical studies
David	Burrowes	Conservative	University of Exeter		Solicitor	
Paul	Burstow	Liberal Democrat	South Bank Polytechnic	degree in business studies	No occupation found	Business & administrative studies
Alistair	Burt	Conservative	St John's College, Oxford	with a degree in jurisprudence law in , variety of corporate donations from conservative groups, the largest of which was 	No occupation found	Law
Lorely	Burt	Liberal Democrat	University College, Swansea	in economics, Burt began her career in the Prison Service as an Assistant Governor at HM Prison Holloway before working for several national companies in personnel and training	No occupation found	Social studies
Dan	Byles	Conservative	No university found	by the Ministry of Defence that year, Vipassana meditation at the Wat Ram Poeng Buddhist monastery in Chiang Mai, northern Thailand, one of thirty Army Cadetships, a university scholarship scheme no longer open to non medical, , an MA in Creative Writing from Nottingham Trent University, from Sandhurst, Byles was granted six months leave to row across the Atlantic , a Guinness World Record certificate for being the first mother and son team to row any ocean in 	No occupation found	Medicine & dentistry
Liam	Byrne	Labour	University of Manchester	at the University of Manchester, where he obtained a First class honours in Politics and Modern History and was elected the Communications Officer of the University of Manchester Students, at least , the details of London	No occupation found	Social studies
Vincent	Cable	Liberal Democrat	No university found		No occupation found	
Alun	Cairns	Conservative	No university found		No occupation found	
David	Cameron	Conservative	Eton College	Philosophy, Politics and Economics , first, , , three A, his speech and it, in , from Bristol School of Creative Arts, edit	No occupation found	Social studies
Alan	Campbell	Labour	Lancaster University, University of Leeds, Northumbria University	a BA in Politics, PGCE at the University of Leeds, before finishing his education at the Newcastle Polytechnic with a MA in History	No occupation found	Social studies
Gregory	Campbell	DUP	University of Ulster	majority of 	No occupation found	Other
Menzies	Campbell	Liberal Democrat	University of Glasgow, Stanford University	with a Scottish Master of Arts , scholarship to study at Stanford University in California, as an advocate before he became a politician, an honorary doctorate of law to former President Mohammad Khatami of Iran, which sparked some criticism, although as Chancellor he is only the titular head and not involved in such decisions	Politician, advocate, sprinter	Medicine & dentistry
Ronnie	Campbell	Labour	No university found		No occupation found	
Alistair	Carmichael	Liberal Democrat	University of Aberdeen	at the University of Glasgow	No occupation found	Other
Neil	Carmichael	Conservative	No university found		No occupation found	
Douglas	Carswell	Conservative	University of East Anglia (BA)	with a degree in history in , with a degree in British Imperial History, Ian Plimer	No occupation found	Historical & philosophical studies
William	Cash	Conservative	No university found		No occupation found	
Martin	Caton	Labour	No university found		No occupation found	
Sarah	Champion	Labour	No university found		No occupation found	
Jenny	Chapman	Labour	Brunel University	psychology at Brunel University, and later took an MA in archaeology at Durham University	No occupation found	Social studies
Rehman	Chishti	Conservative	Aberystwyth University	law at University of Wales Aberystwyth, 	No occupation found	Law
Christopher	Chope	Conservative	University of St Andrews	an LLB degree in , the OBE for his services to local government in , of the Alan Turing 	No occupation found	Social studies
James	Clappison	Conservative	Queen's College, Oxford	with a Bachelor of Arts degree in Philosophy, Politics and Economics in 	No occupation found	Social studies
Greg	Clark	Conservative	Magdalene College, Cambridge	Economics at Magdalene College, Cambridge, at the London School of Economics, where he was awarded his PhD in 	No occupation found	Social studies
Katy	Clark	Labour	University of Aberdeen	Diploma in Legal Practice from the University of Edinburgh in 	No occupation found	Law
Kenneth	Clarke	Conservative	Gonville and Caius College, Cambridge	law at Gonville and Caius College and graduated with a , political history, and is popularly known for his love of suede Hush Puppies, a brand of shoes, which have been his 	No occupation found	Social studies
Tom	Clarke	Labour	No university found		No occupation found	
Nicholas	Clegg	Liberal Democrat	No university found		No occupation found	
Geoffrey	Clifton-Brown	Conservative	No university found		No occupation found	
Ann	Clwyd	Labour	University of Wales, Bangor[1]	or external links, but its sources remain unclear because it lacks inline citations, from the University of Wales, Bangor, her a University of Wales honorary degree	No occupation found	Other
Vernon	Coaker	Labour	University of Warwick, Trent Polytechnic	for an Economics and Politics BA , PGCE at Trent Polytechnic 	Teacher	Social studies
Ann	Coffey	Labour	London South Bank University	a BSc in Sociology in , PGCE in , as a teacher	No occupation found	Social studies
Therese	Coffey	Conservative	Somerville College, University of Oxford	at Somerville College, Oxford, , PhD in Chemistry 	No occupation found	Physical sciences
Damian	Collins	Conservative	St Benet's Hall, Oxford	in modern history	No occupation found	Historical & philosophical studies
Oliver	Colvile	Conservative	No university found		Politician	
Michael	Connarty	Labour	University of Glasgow, University of Stirling	the layout guide to make sure the section will be inclusive of all essential details, at the University of Stirling, , BA in Economics in , at Jordanhill College and Glasgow University , Diploma in Childcare and Education , on 	No occupation found	Social studies
Rosie	Cooper	Labour	University of Liverpool		No occupation found	
Yvette	Cooper	Labour	Balliol College, Oxford	at Balliol College, Oxford, where she was awarded first class honours in Philosophy, Politics and Economics, Kennedy Scholarship in , at Harvard University, and she eventually finished her studies with an MSc in Economics at the London School of Economics, them for up to 	Economist	Social studies
Jeremy	Corbyn	Labour	Adams' Grammar School		No occupation found	
Geoffrey	Cox	Conservative	Downing College, Cambridge	Law and Classics	No occupation found	Law
Stephen	Crabb	Conservative	University of Bristol	in 	Member of Parliament	Other
David	Crausby	Labour	No university found		No occupation found	
Mary	Creagh	Labour	Pembroke College, Oxford	modern languages	No occupation found	Languages
Stella	Creasy	Labour	Magdalene College, Cambridge	social and political sciences at Magdalene College, Cambridge, she was awarded a PhD in social psychology in 	Psychologist	Social studies
Michael	Crockart	Liberal Democrat	No university found	Social Sciences	No occupation found	Social studies
Tracey	Crouch	Conservative	Hull University	from the University of Hull with a Law and Politics degree in , FA football coach 	No occupation found	Social studies
Jon	Cruddas	Labour	University of Warwick	with an M	Politician	Other
John	Cryer	Labour	University of Hertfordshire		No occupation found	
Alex	Cunningham	Labour	Darlington Technical College	a certificate in journalism in 	No occupation found	Mass communications & documentation
Jim	Cunningham	Labour	No university found		No occupation found	
Tony	Cunningham	Labour	University of Liverpool, Manchester Metropolitan University	BA degree in History and Politics in , as a teacher with a Postgraduate Certificate in Education in , rugby union coach and referee, and has played cricket and football, as well as rugby 	No occupation found	Social studies
Margaret	Curran	Labour	University of Glasgow		No occupation found	
Nicholas	Dakin	Labour	No university found		No occupation found	
Simon	Danczuk	Labour	University of Lancaster	at night school and gained qualifications he had missed out at secondary school before gaining a place at Lancaster University, studying economic sociology and politics as a mature student	Member of Parliament	Social studies
Alistair	Darling	Labour	University of Aberdeen	, a Bachelor of Laws , less than , more than , edit	No occupation found	Law
Edward	Davey	Liberal Democrat	Jesus College, Oxford	a first class BA degree in Philosophy, Politics and Economics in , at Birkbeck College, London , the foreign affairs brief, and continued to retain his chairmanship of the party	No occupation found	Social studies
Wayne	David	Labour	Cardiff University, Swansea University	a BA in History and Welsh History in , Economic History at University College, Swansea, he returned to Cardiff and qualified as a teacher in , the Charles Morgan Prize for Welsh history in 	No occupation found	Historical & philosophical studies
Ian	Davidson	Labour	No university found		No occupation found	
David	Davies	Conservative	No university found		No occupation found	
Geraint	Davies	Labour	No university found		No occupation found	
Glyn	Davies	Conservative	No university found		No occupation found	
Philip	Davies	Conservative	University of Huddersfield	a , History and Political Studies in 	No occupation found	Social studies
David	Davis	Conservative	No university found		No occupation found	
Nick	de Bois	Conservative	No university found		No occupation found	
Gloria	De Piero	Labour	University of Westminster	as a BA in Social Science from the University of Westminster in , MSc in Social and Political Theory from Birkbeck, University of London in 	Member of Parliament	Social studies
John	Denham	Labour	University of Southampton	up to 	No occupation found	Other
Caroline	Dinenage	Conservative	Swansea University	Politics and English at Swansea University	No occupation found	Social studies
Jonathan	Djanogly	Conservative	Oxford Polytechnic	Bachelor of Arts in law and politics in 	Solicitor	Social studies
Jim	Dobbin	Labour	Napier University	Bacteriology and Virology	No occupation found	Physical sciences
Frank	Dobson	Labour	London School of Economics	Economics at the London School of Economics, gaining a BSc in 	No occupation found	Social studies
Thomas	Docherty	Labour	No university found		No occupation found	
Nigel	Dodds	DUP	St John's College, Cambridge, Queen's University Belfast	at the Institute of Professional Legal Studies at Queen, the OBE in 	No occupation found	Law
Pat	Doherty	Sinn Fein	No university found		No occupation found	
Jeffrey M	Donaldson	DUP	No university found		No occupation found	
Brian H	Donohoe	Labour	No university found		No occupation found	
Frank	Doran	Labour	No university found		No occupation found	
Stephen	Dorrell	Conservative	Brasenose College, Oxford	a Bachelor of Arts degree	No occupation found	Other
Nadine	Dorries	Conservative	No university found	on , in the House of Commons, she argued that the bill being put forward before parliament avoided the issue of consummation and thus contradicted the Marriages Act , complaint about her behaviour, family members employed by MPs with a salary of 	No occupation found	Other
Stephen	Doughty	Labour	Corpus Christi College, Oxford	at Lester B, with a , Philosophy Politics and Economics, at Oxford, he was a founder member of the singing group Out of the Blue	No occupation found	Social studies
Jim	Dowd	Labour	No university found		No occupation found	
Gemma	Doyle	Labour	University of Glasgow		No occupation found	
Jackie	Doyle-Price	Conservative	University of Durham	economics at University College, Durham, she worked for the Sheffield Enterprise Agency and for South Yorkshire Police, on 	No occupation found	Social studies
Richard	Drax	Conservative	Harrow	with a Diploma in Rural Land Management in , Diploma in Journalism in , from the Royal Military Academy Sandhurst, Drax was commissioned into the Coldstream Guards, British Army, on , of the Marriage 	No occupation found	Agriculture & related subjects
Jack	Dromey	Labour	No university found	about it in the newspapers	No occupation found	Other
James	Duddridge	Conservative	University of Essex	BA degree in government in 	No occupation found	Social studies
Michael	Dugher	Labour	No university found	from the University of Nottingham	No occupation found	Other
Alan	Duncan	Conservative	St John's College, Oxford	at Harvard University between 	No occupation found	Other
Iain	Duncan Smith	Conservative	Universit√† per Stranieri di Perugia	at the University of Perugia was later found to be false after an investigation by the BBC, , a living through work, the minimum wage, a state	Politician	Other
Philip	Dunne	Conservative	No university found		No occupation found	
Mark	Durkan	Social Democratic and Labour Party	Queen's University Belfast, University of Ulster	politics at the Queen	No occupation found	Social studies
Angela	Eagle	Labour	St John's College, Oxford	a Bachelor of Arts degree in Philosophy, Politics and Economics in 	No occupation found	Social studies
Maria	Eagle	Labour	Pembroke College, Oxford	a Bachelor of Arts degree in Philosophy, Politics and Economics in 	No occupation found	Social studies
Jonathan	Edwards	Plaid Cymru	No university found		No occupation found	
Clive	Efford	Labour	No university found	as London taxi driver in , football coach	No occupation found	Other
Julie	Elliott	Labour	Newcastle Polytechnic	degree in Government and Public Policy at Newcastle Polytechnic	No occupation found	Social studies
Michael	Ellis	Conservative	No university found		No occupation found	
Jane	Ellison	Conservative	St Hilda's College, Oxford	at St Hilda	Politician	Other
Louise	Ellman	Labour	University of Hull	at the University of Hull where she received a BA in Sociology and History in , Social Administration at the University of York where she was awarded a MPhil in 	No occupation found	Social studies
Tobias	Ellwood	Conservative	Loughborough University, London Business School, Harvard University	BA , an MBA	No occupation found	Other
Charlie	Elphicke	Conservative	No university found	using American subjects and British political candidates, Daily Telegraph Feature Writer, Harry Wallop suggested that , of the Growth and Infrastructure Bill  , of technology companies that benefit from taxpayers, more than , of 	Solicitor	Social studies
Natascha	Engel	Labour	King's College London,	Parliamentarian of the Year in , Masters degree in Technical and Specialised Translation, a living as a teacher of English	Translator; trade union official	Languages
Bill	Esterson	Labour	University of Leeds	directly the words of a bereaved father	No occupation found	Other
George	Eustice	Conservative	No university found		No occupation found	
Chris	Evans	Labour	No university found		No occupation found	
Graham	Evans	Conservative	Manchester Metropolitan University		No occupation found	
Jonathan	Evans	Conservative	No university found		Solicitor	
Nigel	Evans	Conservative	Swansea University	a Bachelor of Arts degree in politics in 	No occupation found	Social studies
David	Evennett	Conservative	London School of Economics	an MSc in Economics	Politician	Social studies
Michael	Fabricant	Conservative	Loughborough University	economics at Loughborough University, receiving a Bachelor of Science degree, at the University of Sussex, where he was awarded a master, systems and econometrics in 	No occupation found	Social studies
Michael	Fallon	Conservative	University of St Andrews	MA in classics and ancient history in 	No occupation found	Historical & philosophical studies
Paul	Farrelly	Labour	St Edmund Hall, Oxford	at St Edmund Hall, Oxford where he obtained a BA in PPE in 	No occupation found	Social studies
Tim	Farron	Liberal Democrat	Newcastle University	BA in Politics in 	No occupation found	Social studies
Lynne	Featherstone	Liberal Democrat	Oxford Polytechnic	Diploma in Communication and Design at Oxford Polytechnic, hoax email warning about an apparent date rape drug called Progesterex	Politician	Mass communications & documentation
Frank	Field	Labour	University of Hull	economics at the University of Hull	Politician	Social studies
Mark	Field	Conservative	St Edmund Hall, Oxford	with a B, Law in 	Politician	Law
Jim	Fitzpatrick	Labour	No university found		Politician	
Robert	Flello	Labour	University of Wales, Bangor	Chemistry, in 	No occupation found	Physical sciences
Caroline	Flint	Labour	University of East Anglia (BA)	her BA , by Swiss academic Dr Felix Hasler, , the Lisbon Treaty, the controversial document which codifies the rules of the European Union, divorce in , Lisbon Treaty	No occupation found	Other
Paul	Flynn	Labour	Cardiff University		No occupation found	
Don	Foster	Liberal Democrat	No university found		No occupation found	
Yvonne	Fovargue	Labour	No university found		No occupation found	
Liam	Fox	Conservative	University of Glasgow	medicine at the University of Glasgow and worked as a GP and Civilian Army Medical Officer , medicine at the University of Glasgow Medical School, graduating with MB ChB degrees in , at the University of Glasgow, he was a member of the Dialectic Society and became president of the Glasgow University Conservative Association, medicine at Glasgow University in the early , letter in which the Defence Secretary warned the Prime Minister that , of the Marriage , of parliamentary records was published in the Daily Telegraph, showed that Liam Fox receives rental income from his London home while simultaneously claiming rental income from the taxpayer to live at another residence	Physician	Medicine & dentistry
Hywel	Francis	Labour	Swansea University	at the University of Wales, Swansea, where he earned a doctorate in history	No occupation found	Medicine & dentistry
Mark	Francois	Conservative	University of Bristol	a Bachelor of Arts degree in History in , MA in War Studies in 	No occupation found	Historical & philosophical studies
George	Freeman	Conservative	Girton College, Cambridge	with a degree in Geography in 	No occupation found	Social studies
Mike	Freer	Conservative	No university found		No occupation found	
Lorraine	Fullbrook	Conservative	Glasgow Caledonian University		No occupation found	
Richard	Fuller	Conservative	No university found		No occupation found	
Roger	Gale	Conservative	Guildhall School of Music and Drama		Broadcaster, Disc jockey, television producer, radio producer and journalist	
George	Galloway	Respect	No university found	him Debater of the Year in , 
, damages of , Palestinian passport from Hamas leader Ismail Haniya, edit	No occupation found	Other
Mike	Gapes	Labour	Fitzwilliam College, Cambridge	a master, economics in , diploma in industrial relations in 	No occupation found	Social studies
Barry	Gardiner	Labour	University of St Andrews	a Kennedy Memorial Trust scholarship to study Philosophy at Harvard University 	No occupation found	Historical & philosophical studies
Edward	Garnier	Conservative	Jesus College, Oxford	with a Bachelor of Arts degree in modern history in , at the College of Law at Chancery Lane in the City of London, nationally to failed Company Pension Scheme workers	Politician	Law
Mark	Garnier	Conservative	No university found		No occupation found	
David	Gauke	Conservative	St Edmund Hall, Oxford	a Bachelor of Arts degree in law in , in legal practice in 	No occupation found	Law
Andrew	George	Liberal Democrat	University of Sussex	Bachelor of Arts degree in cultural and community studies in , a master, agricultural economics in 	No occupation found	Agriculture & related subjects
Nick	Gibb	Conservative	Durham University	Bachelor of Arts degree in Law in , to be revised	No occupation found	Law
Stephen	Gilbert	Liberal Democrat	No university found	architecture at the Slade School of Art in London from , under Ossip Zadkine, leaving before the Second World War, Jung, Nietzsche and Jakob B, Gulbenkian award in 	No occupation found	Architecture, building & planning
Michelle	Gildernew	Sinn Fein	University of Ulster	from university, she travelled extensively in Europe, the United States and Australia, where she worked for a year	No occupation found	Other
Cheryl	Gillan	Conservative	The College of Law		Marketing executive	
Sheila	Gilmore	Labour	No university found	History and Politics at the University of Kent at Canterbury, she undertook a post, law, she worked for the Scottish Consumer Council as a Legal Advisory Officer	No occupation found	Social studies
Pat	Glass	Labour	No university found		No occupation found	
John	Glen	Conservative	Mansfield College, Oxford	Modern History and was elected President of Mansfield College JCR, for an MBA at Fitzwilliam College, from Oxford, Glen worked for two Ministers in , unanimous Second Reading on , unanimous Third Reading on 	No occupation found	Historical & philosophical studies
Mary	Glindon	Labour	No university found	over 	No occupation found	Other
Roger	Godsiff	Labour	No university found		No occupation found	
Zac	Goldsmith	Conservative	No university found	traditional cultures and helping run a tourist education programme, the Beacon Prize for Young Philanthropist of the Year for his contribution to environmental awareness and protection, decree nisi on 	Politician	Education
Helen	Goodman	Labour	Somerville College, Oxford	PPE at Somerville College, Oxford	No occupation found	Social studies
Robert	Goodwill	Conservative	Newcastle University	Bachelor of Science degree in agriculture in 	No occupation found	Agriculture & related subjects
Michael	Gove	Conservative	Lady Margaret Hall, Oxford	English at Lady Margaret Hall, Oxford, , a , of the Northern Ireland peace process, The Price of Peace, for which he won the Charles Douglas, of authors such as Byron, Keats, Jane Austen, Dickens and Thomas Hardy would be reinstated in English lessons as part of a plan to improve children, of foreign languages up to the age of , pre, it would disabuse people of the , the King James Bible	Secretary of State for Education	Languages
Richard	Graham	Conservative	Christ Church, Oxford		No occupation found	
Helen	Grant	Conservative	University of Hull	law at the University of Hull, after which she planned to take specialist legal qualifications, as a solicitor	Solicitor	Law
James	Gray	Conservative	No university found		No occupation found	
Chris	Grayling	Conservative	Sidney Sussex College, Cambridge	with an upper, history in , over 	No occupation found	Social studies
Tom	Greatrex	Labour	London School of Economics	Economics, Government and Law at the London School of Economics, graduating in 	No occupation found	Social studies
Damian	Green	Conservative	Balliol College, Oxford	a Bachelor of Arts , Philosophy, Politics, and Economics in 	No occupation found	Social studies
Kate	Green	Labour	Edinburgh University	from Edinburgh University with a Bachelor of Laws degree	Banking &amp; Poverty activism	Law
Justine	Greening	Conservative	University of Southampton	Economics, , 	Politician	Social studies
Lilian	Greenwood	Labour	St Catharine's College, Cambridge.		Trade Union Regional Organiser	
Dominic	Grieve	Conservative	Magdalen College, Oxford	Bachelor of Arts degree in Modern History , Diploma in Law 	No occupation found	Law
Nia	Griffith	Labour	Somerville College, Oxford	with a first class degree in modern languages in 	Teacher	Languages
Andrew	Griffiths	Conservative	No university found		No occupation found	
Ben	Gummer	Conservative	No university found		No occupation found	
Andrew	Gwynne	Labour	University of Salford and the North East Wales Institute of Higher Education		No occupation found	
Sam	Gyimah	Conservative	Somerville College, Oxford	Politics, Philosophy and Economics, and where he was elected President of the Oxford Union, the Real Business	No occupation found	Social studies
William	Hague	Conservative	Magdalen College, Oxford	PPE at Magdalen College, Oxford, graduating with First, for a Master of Business Administration degree at INSEAD, 	No occupation found	Social studies
Peter	Hain	Labour	Queen Mary, University of London	with a first class Bachelor, Economics and Political Science in 	No occupation found	Social studies
Robert	Halfon	Conservative	Exeter University	for a Bachelor of Arts in Politics and a Master of Arts in Russian and East European politics, of water companies in the Eastern Region examining their profits, and calling for an inquiry	No occupation found	Social studies
Duncan	Hames	Liberal Democrat	New College, Oxford	PPE at New College, Oxford, , from Oxford, Hames trained as an accountant with Deloitte	No occupation found	Social studies
David	Hamilton	Labour	No university found		No occupation found	
Fabian	Hamilton	Labour	University of York	a Bachelor of Arts degree, 	No occupation found	Other
Philip	Hammond	Conservative	University College, Oxford	first class degree in Philosophy, Politics, and Economics	No occupation found	Social studies
Stephen	Hammond	Conservative	Queen Mary, University of London	in Economics , 	Politician	Social studies
Matthew	Hancock	Conservative	Exeter College, Oxford	degree in Philosophy, Politics and Economics from Exeter College, University of Oxford, and a MPhil in Economics from Christ	No occupation found	Social studies
Mike	Hancock	Liberal Democrat	No university found		No occupation found	
Greg	Hands	Conservative	Robinson College, Cambridge	a first in modern history in 	No occupation found	Historical & philosophical studies
David	Hanson	Labour	University of Hull	BA in 	No occupation found	Other
Harriet	Harman	Labour	University of York	BA in Politics from the University of York, at age , based on academic ability	Solicitor	Social studies
Mark	Harper	Conservative	Brasenose College, Oxford	philosophy, politics and economics at Brasenose College, Oxford, where like David Cameron he studied under Professor Vernon Bogdanor	No occupation found	Social studies
Richard	Harrington	Conservative	Keble College, Oxford	Jurisprudence	No occupation found	Law
Rebecca	Harris	Conservative	Bedales School		No occupation found	
Tom	Harris	Labour	No university found		No occupation found	
Simon	Hart	Conservative	Royal Agricultural College	one off severance payment equivalent to 	No occupation found	Other
Nick	Harvey	Liberal Democrat	Middlesex Polytechnic	a BA degree in Business studies in 	Politician	Business & administrative studies
Alan	Haselhurst	Conservative	Oriel College, Oxford		Politician	
Dai	Havard	Labour	Warwick University		No occupation found	
John	Hayes	Conservative	No university found		No occupation found	
Oliver	Heald	Conservative	Pembroke College, Cambridge	law	No occupation found	Law
John	Healey	Labour	Christ's College, Cambridge	Social and Political Science at Christ, BA in , to Suez Canal Zone veterans	No occupation found	Social studies
David	Heath	Liberal Democrat	St John's College, Oxford	at St John, a MA in Physiological Sciences, Ophthalmic Optics at the City University, London	MP	Subjects allied to medicine
Chris	Heaton-Harris	Conservative	Wolverhampton Polytechnic	at Wolverhampton Polytechnic, football referee, signed into the profession by his father	No occupation found	Other
John	Hemming	Liberal Democrat	Magdalen College, Oxford	the Lifetime Achievement Award for his work with the company	No occupation found	Other
Gordon	Henderson	Conservative	No university found	Conservative Party political agent and was the constituency agent for North Thanet MP, Roger Gale, , to local artists	Operations Manager, Contracts Officer, Store Manager	Social studies
Mark	Hendrick	Labour	Liverpool John Moores University, Victoria University of Manchester	a Bachelor of Science degree in Electrical and Electronic Engineering, Master of Science degree in Computer Science, German at a Volkshochschule Hanau in Germany in , the University of Manchester Certificate in Education in , to Preston in the Queen	No occupation found	Computer sciences
Charles	Hendry	Conservative	University of Edinburgh	a Bachelor of Commerce degree in Business Studies in 	No occupation found	Business & administrative studies
Stephen	Hepburn	Labour	Newcastle University	a Bachelor of Arts degree	No occupation found	Other
Nick	Herbert	Conservative	Magdalene College, Cambridge	law and land economy	No occupation found	Law
Lady	Hermon	Independent	No university found		No occupation found	
David	Heyes	Labour	Open University	a BA in Social sciences from the Open University in 	No occupation found	Social studies
Meg	Hillier	Labour	Portsmouth High School	Philosophy, Politics and Economics and during her time there was elected Librarian of the Oxford Union Society	No occupation found	Social studies
Julie	Hilling	Labour	No university found	Chemistry at Nottingham University and then attaining a Diploma in Youth and Community Work at Manchester Polytechnic	No occupation found	Physical sciences
Damian	Hinds	Conservative	Trinity College, Oxford		No occupation found	
Mark	Hoban	Conservative	London School of Economics	a Bachelor of Science degree in Economics in 	No occupation found	Social studies
Margaret	Hodge	Labour	London School of Economics (LSE)	at the London School of Economics, from where she gained a third class Government Studies degree in , Margaret Hodge the 	Politician	Social studies
Sharon	Hodgson	Labour	No university found		No occupation found	
Kate	Hoey	Labour	University of Ulster	at Belfast Royal Academy, in economics from the City of London College, today known as London Metropolitan University	No occupation found	Social studies
George	Hollingbery	Conservative	No university found	BA in human sciences from Lady Margaret Hall, Oxford in 	No occupation found	Social studies
Philip	Hollobone	Conservative	Lady Margaret Hall, Oxford	a BA degree in Modern History and Economics, in the House of Commons on , on , a second time on 	No occupation found	Social studies
Adam	Holloway	Conservative	Magdalene College, Cambridge	Social and Political Sciences , further at Imperial College London , donation of 	Politician	Social studies
Jimmy	Hood	Labour	University of Nottingham	or external links, but its sources remain unclear because it lacks inline citations	No occupation found	Other
Kelvin	Hopkins	Labour	University of Nottingham	a BA degree in Politics, Economics and Mathematics with Statistics	No occupation found	Mathematical sciences
Kris	Hopkins	Conservative	University of Leeds	communications and cultural studies at Leeds University before going on to lecture in media theory, communications and digital media	No occupation found	Mass communications & documentation
Martin	Horwood	Liberal Democrat	The Queen's College, Oxford	St, Modern History in , and leaving student politics, he worked first in advertising and then in the voluntary sector, millions for the charity nationwide and 	No occupation found	Social studies
Stewart	Hosie	Scottish National Party	University of Abertay Dundee	Higher Diploma in Computer Studies	politician	Computer sciences
George	Howarth	Labour	University of Salford	at the University of Salford	Engineer	Other
Gerald	Howarth	Conservative	University of Southampton	private pilot, he was commissioned into the Royal Air Force Volunteer Reserve as an acting pilot officer in , , out a fairly ridiculous statement	No occupation found	Other
John	Howell	Conservative	No university found		No occupation found	
Lindsay	Hoyle	Labour	No university found		Politician	
Simon	Hughes	Liberal Democrat	Selwyn College, Cambridge	with a , postgraduate Certificate of Advanced European Studies 	No occupation found	Other
Jeremy	Hunt	Conservative	No university found		No occupation found	
Tristram	Hunt	Labour	University College School	History at Trinity College, Cambridge and the University of Chicago, and was for a time an Associate Fellow of the Centre for History and Economics at King, in , number of favourable reviews, including one from Roy Hattersley, the former deputy leader of the Labour party, in The Observer	Historian, broadcaster, columnist, politician	Social studies
Mark	Hunter	Liberal Democrat	No university found		No occupation found	
Julian	Huppert	Liberal Democrat	Trinity College, Cambridge	at Cambridge University, completing a BA , the structures of DNA as well as tutoring students, the , road safety organisation Brake, a winner for best independent shop, parliamentarian of the month	Politician	Other
Nick	Hurd	Conservative	Eton College	from Exeter College, Oxford , in June 	No occupation found	Other
Huw	Irranca-Davies	Labour	No university found		No occupation found	
Glenda	Jackson	Labour	Royal Academy of Dramatic Art	at the Royal Academy of Dramatic Art, BAFTA for her role in John Schlesinger, second Academy Award for Best Actress for A Touch of Class , an CBE		Other
Stewart	Jackson	Conservative	Royal Holloway, University of London; University of West London	at Royal Holloway, University of London, where he was awarded a BA , Economics , MA in Human Resource Management from University of West London in 	No occupation found	Social studies
Margot	James	Conservative	London School of Economics	Economics and Government	No occupation found	Social studies
Si‚n	James	Labour	No university found		No occupation found	
Cathy	Jamieson	Labour	Glasgow School of Art		No occupation found	
Dan	Jarvis	Labour	Aberystwyth University	international politics at Aberystwyth University, in , International Politics and Strategic Studies, with an MA in Conflict, Security 	Member of Parliament	Social studies
Sajid	Javid	Conservative	University of Exeter	economics and politics, and became a member of the Conservative Party	No occupation found	Social studies
Bernard	Jenkin	Conservative	Corpus Christi College, Cambridge	a Choral Exhibition and gained an BA honours degree in English literature in 	Member of Parliament (1992-present)	Languages
Robert	Jenrick	Conservative	St John's College, Cambridge	History at St John, 	No occupation found	Historical & philosophical studies
Alan	Johnson	Labour	No university found	to children	No occupation found	Other
Diana	Johnson	Labour	No university found	History, English and Economics	No occupation found	Social studies
Gareth	Johnson	Conservative	No university found		Solicitor	
Jo	Johnson	Conservative	Eton College	Modern History, a First Class degree in both Honour Moderations , on the continent and has degrees from two further leading European universities, gaining an MBA from INSEAD in 	Investment Banker	Historical & philosophical studies
Andrew	Jones	Conservative	University of Leeds		No occupation found	
David	Jones	Conservative	No university found		No occupation found	
Graham	Jones	Labour	No university found	, a BA , Graphic Design and completed the City and Guilds qualification in Desktop Publishing followed by employment at Hollands Pies	Member of Parliament	Other
Helen	Jones	Labour	University College London, University of Liverpool	with a BA from University College London and a MEd from the University of Liverpool	No occupation found	Other
Kevan	Jones	Labour	University of Southern Maine, Northumbria University	BA 	No occupation found	Other
Marcus	Jones	Conservative	No university found		No occupation found	
Susan Elan	Jones	Labour	No university found		No occupation found	
Tessa	Jowell	Labour	University of Edinburgh	herself a strong reputation as a Blairite, private emails between Scudamore and colleagues and friends which included comments about women, and passing on of the emails, claiming that, 	No occupation found	Other
Eric	Joyce	Labour	University of Stirling	BA 	No occupation found	Other
Mike	Kane	Labour	No university found	for his A Levels at Loreto College in Hulme, Manchester	No occupation found	Other
Gerald	Kaufman	Labour	Queen's College, Oxford	with a degree in philosophy, politics and economics from the University of Oxford , the Department for the Environment , of the , for his own political agenda, and stated that his 	No occupation found	Social studies
Daniel	Kawczynski	Conservative	St George's College, Weybridge	Business Studies with Languages, 	No occupation found	Business & administrative studies
Barbara	Keeley	Labour	University of Salford	BA in Politics and Contemporary History	IBM Systems Engineer	Social studies
Chris	Kelly	Conservative	Oxford Brookes University, Imperial College Business School		No occupation found	
Liz	Kendall	Labour	No university found	with a first in history in 	No occupation found	Historical & philosophical studies
Charles	Kennedy	Liberal Democrat	University of Glasgow	for a Master of Arts degree in Politics and Philosophy at the University of Glasgow, Fulbright Fellowship, in America, he received the Social Democratic Party 	Academic dress	Social studies
Sadiq	Khan	Labour	University of North London	law, the 	Lawyer	Law
Simon	Kirby	Conservative	Open University	Mathematical Modelling from the Open University and studied Operational Research at the London School of Economics	No occupation found	Mathematical sciences
Greg	Knight	Conservative	The College of Law	a Knighthood for political service	Solicitor	Social studies
Kwasi	Kwarteng	Conservative	Harvard University	Classics and History at Trinity College, PhD in Economic History at Cambridge University	Member of Parliament	Historical & philosophical studies
Eleanor	Laing	Conservative	University of Edinburgh	with Bachelor of Arts and Bachelor of Laws degrees	No occupation found	Law
Norman	Lamb	Liberal Democrat	University of Leicester	from the University of Leicester, Lamb worked as a solicitor	Politician	Law
David	Lammy	Labour	School of Oriental and African Studies, Harvard Law School	an Inner London Education Authority choral scholarship to The King, law at the School of Oriental and African Studies, University of London, obtaining a first, an LL	No occupation found	Law
Mark	Lancaster	Conservative	University of Buckingham	as a BSc in Business Studies from the University of Buckingham and MBA from the University of Exeter Business School, an Honorary PhD from Buckingham University in , EOD operator , the Territorial Decoration , but supported minor 	No occupation found	Business & administrative studies
Andrew	Lansley	Conservative	University of Exeter	BA in politics, a CBE, nurses has gone down by nearly 	No occupation found	Social studies
Pauline	Latham	Conservative	No university found		No occupation found	
Ian	Lavery	Labour	No university found		Miner	
David	Laws	Liberal Democrat	King's College, Cambridge	, in , economics, , edit	No occupation found	Social studies
Mark	Lazarowicz	Labour	University of St Andrews	from St	No occupation found	Other
Andrea	Leadsom	Conservative	University of Warwick	Political Science at the University of Warwick	No occupation found	Social studies
Jessica	Lee	Conservative	Royal Holloway, University of London; College of Law	with a degree in History , at the College of Law	No occupation found	Law
Phillip	Lee	Conservative	King's College London	Human Biology and Biological Anthropology at King, medicine at Imperial College London, as a general practitioner 	Physician	Medicine & dentistry
John	Leech	Liberal Democrat	Brunel University	History and Politics and also joined the Liberal Democrat Party	No occupation found	Social studies
Jeremy	Lefroy	Conservative	King's College, Cambridge		No occupation found	
Edward	Leigh	Conservative	Durham University	reputation owing to his opposition to abortion and controversial genetic research, and for his defence of Section , History , as a barrister at the Inner Temple, and practised in arbitration and criminal law as a member of Goldsmiths Chambers, barrister and an Assembly Member of the Council of Europe, 	Politician	Law
Charlotte	Leslie	Conservative	Balliol College, Oxford	Classics at Balliol College, Oxford, in 	No occupation found	Historical & philosophical studies
Christopher	Leslie	Labour	No university found		No occupation found	
Oliver	Letwin	Conservative	Eton College	at Trinity College, Cambridge, by the Cambridge Philosophy Faculty in 	No occupation found	Historical & philosophical studies
Emma	Lewell-Buck	Labour	Northumbria University	politics and media studies at Northumbria University, , Masters degree in social work from Durham University	No occupation found	Social studies
Brandon	Lewis	Conservative	Forest School	degree in economics from the University of Buckingham, , barrister	Politician	Social studies
Ivan	Lewis	Labour	No university found		No occupation found	
Julian	Lewis	Conservative	No university found		No occupation found	
Ian	Liddell-Grainger	Conservative	No university found	National Certificate of Agriculture at the South Scotland Agricultural College in Edinburgh	No occupation found	Agriculture & related subjects
David	Lidington	Conservative	Sidney Sussex College, Cambridge	History and a PhD in 	No occupation found	Historical & philosophical studies
Peter	Lilley	Conservative	Clare College, Cambridge	Economics and Physics	No occupation found	Physical sciences
Stephen	Lloyd	Liberal Democrat	St. George's College, Weybridge		Business Development Consultant	
Elfyn	Llwyd	Plaid Cymru	University of Wales, Aberystwyth		Barrister	
Naomi	Long	Alliance	Queen's University Belfast	from Queen, number of death threats along with petrol bomb being thrown inside an unmarked police car guarding her constituency office	Engineer	Other
Jack	Lopresti	Conservative	No university found		No occupation found	
Jonathan	Lord	Conservative	Merton College, Oxford[1]	in 	Marketing, politician	Other
Tim	Loughton	Conservative	University of Warwick	first class BA in classical civilisation in 	Securities Fund Manager	Historical & philosophical studies
Andrew	Love	Labour	No university found	from the University of Houston with a B, acting and directing	Voice actor/Actor	Other
Caroline	Lucas	Green	University of Exeter	first, of woman as reader in Elizabethan romance, , , , of the likely impacts of climate change upon South East England, 	No occupation found	Other
Ian	Lucas	Labour	New College, Oxford	jurisprudence gaining a BA in , from the College of Law in , Solicitor	No occupation found	Law
Peter	Luff	Conservative	Corpus Christi College, Cambridge	at Corpus Christi College, Cambridge, receiving a BA in Economics in 	No occupation found	Social studies
Karen	Lumley	Conservative	No university found		No occupation found	
Mary	Macleod	Conservative	University of Glasgow	from University of Glasgow	Business Consultant	Other
Angus	MacNeil	Scottish National Party	University of Strathclyde	from Strathclyde University with a degree in civil engineering 	Engineer, reporter, teacher	Engineering & technology
Fiona	Mactaggart	Labour	The Cheltenham Ladies' College	for a BA in English at King, list about the ethical differences between legal waged labour and prostitution	Teaching	Law
Khalid	Mahmood	Labour	UCE Birmingham		No occupation found	
Shabana	Mahmood	Labour	Lincoln College, Oxford	from Lincoln College, Oxford, where she studied law and was the president of the Junior Common Room	No occupation found	Law
Anne	Main	Conservative	University of Sheffield, Swansea University	English at Swansea University obtaining a BA Hons, where she met her first husband, Stephen, PGCE from Sheffield University	No occupation found	Languages
Seema	Malhotra	Labour	University of Warwick		No occupation found	
John	Mann	Labour	No university found		No occupation found	
Gordon	Marsden	Labour	New College, Oxford	Modern History	No occupation found	Historical & philosophical studies
Paul	Maskey	Sinn Fein	No university found		Politician	Other
Francis	Maude	Conservative	Corpus Christi College, Cambridge		No occupation found	
Theresa	May	Conservative	St Hugh's College, Oxford	place at the former Holton Park Girls, Geography at St Hugh, with a BA , more than 	No occupation found	Social studies
Paul	Maynard	Conservative	University College, Oxford	First Class History degree at University College, Oxford	No occupation found	Historical & philosophical studies
Stephen	McCabe	Labour	No university found		No occupation found	
Michael	McCann	Labour	No university found		No occupation found	
Kerry	McCarthy	Labour	University of Liverpool	Russian Studies, she then studied law at City of London Polytechnic, solicitor	No occupation found	Law
Jason	McCartney	Conservative	Leeds Trinity &amp; All Saints[3]	for a postgraduate diploma in broadcast journalism, 	Journalist, Broadcaster, RAF Officer	Mass communications & documentation
Karl	McCartney	Conservative	University of Wales, Lampeter	Geography at St David	No occupation found	Social studies
Gregg	McClymont	Labour	University of Glasgow	History at the University of Glasgow, graduating in , at the University of Pennsylvania	Historian	Historical & philosophical studies
William	McCrea	DUP	Raveanhill Theological Hall		Clergyman	
Siobhain	McDonagh	Labour	University of Essex	Politics at the University of Essex	No occupation found	Social studies
Andrew	McDonald	Labour	No university found		No occupation found	
Alasdair	McDonnell	Social Democratic and Labour Party	University College Dublin	in , in OLSPCK in Belfast
References edit	Politician	Other
John	McDonnell	Labour	Brunel University	for A	No occupation found	Other
Pat	McFadden	Labour	University of Edinburgh	Politics at the University of Edinburgh, gaining an MA in 	No occupation found	Social studies
Alison	McGovern	Labour	University College London	Philosophy at University College London	No occupation found	Historical & philosophical studies
Jim	McGovern	Labour	No university found		No occupation found	
Anne	McGuire	Labour	University of Glasgow	a MA in politics with history, for teacher training at the Notre Dame College of Education , Diploma in Secondary Education	No occupation found	Social studies
Anne	McIntosh	Conservative	University of Edinburgh	at the University of Aarhus in the Jutland region of Denmark, by the Royal College of Physicians, which found that 	No occupation found	Physical sciences
Ann	McKechin	Labour	University of Strathclyde	Scots law at the University of Strathclyde	Solicitor in Scots law	Law
Iain	McKenzie	Labour	No university found		No occupation found	
Catherine	McKinnell	Labour	University of Edinburgh	politics and history at the University of Edinburgh, and before her election to Parliament she worked as an employment solicitor in the Newcastle law firm Dickinson Dees, becoming one of , OBE if allegations of tax avoidance were proven 	Solicitor	Social studies
Patrick	McLoughlin	Conservative	No university found		No occupation found	
Stephen	McPartland	Conservative	No university found		No occupation found	
Esther	McVey	Conservative	Queen Mary, University of London	from Liverpool John Moores University with a Distinction for her Master of Science in Corporate Governance, and won the North of England Excellence Award for her studies	Company Director;	Other
Michael	Meacher	Labour	New College, Oxford	Diploma in Social Administration, reputation for being a politician who was on top of a complex brief 	No occupation found	Social studies
Alan	Meale	Labour	Sheffield	at Ruskin College, and Durham University, 	No occupation found	Other
Ian	Mearns	Labour	No university found		No occupation found	
Mark	Menzies	Conservative	University of Glasgow	from the University of Glasgow, where he was President of the Conservative Association, in , economic and social history	No occupation found	Social studies
Stephen	Metcalfe	Conservative	No university found		No occupation found	
Edward	Miliband	Labour	No university found		No occupation found	
Andrew	Miller	Labour	University of Portsmouth	at the London School of Economics where he was awarded a diploma in industrial relations in 	No occupation found	Social studies
Maria	Miller	Conservative	London School of Economics	Economics at the London School of Economics from where she graduated in 	No occupation found	Social studies
Nigel	Mills	Conservative	University of Newcastle-upon-Tyne	Classics at Newcastle University, as a Chartered Accountant in , The Spectator	No occupation found	Business & administrative studies
Anne	Milton	Conservative	Haywards Heath Grammar School		Minister of State for Health	
Andrew	Mitchell	Conservative	Jesus College, Cambridge	History at Jesus College, with a Bachelor of Arts degree in , public apology from the Commissioner of the Metropolitan Police, Bernard Hogan	No occupation found	Historical & philosophical studies
Austin	Mitchell	Labour	University of Manchester		No occupation found	
Francie	Molloy	Sinn Fein	No university found		No occupation found	
Madeleine	Moon	Labour	Keele University	Cert Ed in , BEd in , CQSW and Diploma in Social Work , higher public profile due to an increased number of suicides of young people from her constituency	Social Worker	Social studies
Michael	Moore	Liberal Democrat	No university found	in , the Palme d	Actor, director, screenwriter, producer, documentarian	Other
Penny	Mordaunt	Conservative	No university found	philosophy at the University of Reading	No occupation found	Historical & philosophical studies
Jessica	Morden	Labour	University of Birmingham	History at University of Birmingham	No occupation found	Historical & philosophical studies
Nicky	Morgan	Conservative	St Hugh's College, Oxford	Jurisprudence at St Hugh, as a solicitor in , a Department of Health grant for development of a device with the potential to provide an early diagnosis of peripheral arterial disease	No occupation found	Law
Graeme	Morrice	Labour	Edinburgh Napier University	a SHND in Business Studies	MP	Business & administrative studies
Anne-Marie	Morris	Conservative	No university found		No occupation found	
David	Morris	Conservative	No university found		No occupation found	
Grahame	Morris	Labour	No university found		No occupation found	
James	Morris	Conservative	No university found		No occupation found	
Stephen	Mosley	Conservative	University of Nottingham	Chemistry at the University of Nottingham	IT Consultant	Physical sciences
David	Mowat	Conservative	Imperial College London	engineering at Imperial College London, as a Chartered Accountant and subsequently joined the consultancy firm Accenture 	Chartered Accountant	Engineering & technology
George	Mudie	Labour	No university found	Social Studies at Newbattle Abbey College in Dalkeith	No occupation found	Social studies
Greg	Mulholland	Liberal Democrat	University of York	politics at the University of York, going on to achieve an MA in Public Administration and Public Policy, politics for A, and was dropped before becoming law	No occupation found	Social studies
David	Mundell	Conservative	University of Edinburgh	Law at the University of Edinburgh, also gaining a Diploma in Legal Practice, law in 	No occupation found	Law
Meg	Munn	Labour	University of Nottingham, University of York	languages at the University of York receiving a BA , Certificate and Diploma in Management Studies from the Open University and in , Chartered Manager status by the Chartered Management Institute	No occupation found	Business & administrative studies
Tessa	Munt	Liberal Democrat	No university found		No occupation found	
Conor	Murphy	Sinn Fein	University of Ulster, Queen's University of Belfast		No occupation found	Other
Jim	Murphy	Labour	University of Strathclyde (did not graduate)	Politics and European Law at the University of Strathclyde, although in the event he did not graduate after 	None	Social studies
Paul	Murphy	Labour	No university found		No occupation found	
Ian	Murray	Labour	No university found		No occupation found	
Sheryll	Murray	Conservative	No university found		No occupation found	
Andrew	Murrison	Conservative	University of Bristol	as a doctor from the University of Bristol medical school in 	Physician	Medicine & dentistry
Lisa	Nandy	Labour	Newcastle University	from Newcastle University, Tyne and Wear, in , politics and obtained a master, public policy from Birkbeck, University of London	No occupation found	Social studies
Pamela	Nash	Labour	No university found	politics at the University of Glasgow, specialising in human rights and international development	No occupation found	Social studies
Bob	Neill	Conservative	London School of Economics		Politician	
Brooks	Newmark	Conservative	Worcester College, Oxford	from Harvard College, receiving a BA in History in 	No occupation found	Historical & philosophical studies
Sarah	Newton	Conservative	King's College London	History, before completing a Master, the United States of America, studying as a Rotary International Scholar	Politician	Historical & philosophical studies
Caroline	Nokes	Conservative	University of Sussex	politics at the University of Sussex from 	No occupation found	Social studies
Jesse	Norman	Conservative	Eton College	with a , at University College London, where he held an honorary research fellowship in philosophy and obtained a PhD in 	No occupation found	Historical & philosophical studies
David	Nuttall	Conservative	University of London	as a fellow of the Institute of Legal Executives, and obtained a law degree by correspondence from the University of London	Notary public	Law
Stephen	O'Brien	Conservative	Emmanuel College, Cambridge	as a Solicitor in 	No occupation found	Law
Fiona	O'Donnell	Labour	No university found		No occupation found	
Matthew	Offord	Conservative	Nottingham Trent University	at both Lancaster University where he received his masters degree, and King, a PhD in 	Political Analyst at the BBC [2]	Other
Eric	Ollerenshaw	Conservative	London School of Economics	a Bachelor of Science degree in Economics in , his OBE for Public and Political Service	No occupation found	Social studies
Chi	Onwurah	Labour	No university found	at Newcastle Medical School when they met and married in the , Electrical Engineering from Imperial College London in , for an MBA at Manchester Business School, and long walks in the countryside 	No occupation found	Medicine & dentistry
Guy	Opperman	Conservative	University of Buckingham	law from the University of Buckingham and a first class diploma from the University of Lille, France, the Bar Pro Bono Award by the Attorney General, Lord Goldsmith QC, for his voluntary work on behalf of victims in Criminal Injuries Compensation Appeals, a 	No occupation found	Social studies
George	Osborne	Conservative	St Paul's School	, , Modern History, in , formal complaint initiated in a letter by the Liberal Democrats, edit	No occupation found	Historical & philosophical studies
Sandra	Osborne	Labour	Strathclyde University	part, Master of Science in Equality and Discrimination	No occupation found	Other
Richard	Ottaway	Conservative	Britannia Royal Naval College	law at Bristol University, graduating in , as a solicitor in 	No occupation found	Law
Albert	Owen	Labour	University of York	BA in Politics in 	No occupation found	Social studies
James	Paice	Conservative	No university found	National Diploma in Agriculture in 	No occupation found	Agriculture & related subjects
Ian	Paisley Jnr	DUP	No university found		No occupation found	
Neil	Parish	Conservative	No university found		No occupation found	
Priti	Patel	Conservative	Keele University	economics at Keele University and then going on to the University of Essex	No occupation found	Social studies
Owen	Paterson	Conservative	Corpus Christi College, Cambridge	History at Corpus Christi College	No occupation found	Historical & philosophical studies
Mark	Pawsey	Conservative	Reading University	degree in Estate Management	Businessman	Business & administrative studies
Teresa	Pearce	Labour	No university found		Senior Manager PricewaterhouseCoopers	
Michael	Penning	Conservative	No university found		No occupation found	
John	Penrose	Conservative	Downing College, Cambridge; Columbia University	at Downing College, Cambridge, receiving a BA in Law in 	No occupation found	Law
Andrew	Percy	Conservative	University of York	degree at the University of York and studied at the University of Leeds as a post	No occupation found	Other
Toby	Perkins	Labour	No university found	as a rugby coach in 	Politician	Other
Claire	Perry	Conservative	Brasenose College, Oxford,	Geography, graduating in , MBA at Harvard University, and was due to be debated again on 	MP for Devizes	Social studies
Stephen	Phillips	Conservative	No university found	classics	No occupation found	Historical & philosophical studies
Bridget	Phillipson	Labour	Hertford College, Oxford	Modern History at Hertford College, Oxford, with a BA , Modern History	No occupation found	Historical & philosophical studies
Eric	Pickles	Conservative	Leeds Polytechnic	at Leeds Polytechnic, chief executives listed in The Times, on , in the House of Lords on , High Court judicial review of the Christian prayers held during meetings in council chambers, that non	No occupation found	Other
Christopher	Pincher	Conservative	London School of Economics		IT consultant	Other
Daniel	Poulter	Conservative	University of Bristol	medical doctor and has served as a Parliamentary Under Secretary of State in the Department of Health since September , with a Law degree, before qualifying as a medical doctor at King	Politician	Medicine & dentistry
Stephen	Pound	Labour	London School of Economics	Diploma in Industrial Relations and a BSc in Economics	Politician	Social studies
Lucy	Powell	Labour	Somerville College, Oxford	chemistry at Somerville College, Oxford and King	No occupation found	Physical sciences
Dawn	Primarolo	Labour	Bristol Polytechnic	at Bristol Polytechnic as a bookkeeper and legal secretary, for a social science degree at Bristol Polytechnic, where she gained a BA , out a question on behalf of Ann Clwyd, at the time, who had 	No occupation found	Social studies
Mark	Prisk	Conservative	University of Reading	Land Management at the University of Reading, gaining a BSc degree	No occupation found	Agriculture & related subjects
Mark	Pritchard	Conservative	London Guildhall University	at the London Guildhall University and has a Master of Arts degree in Marketing Management	No occupation found	Business & administrative studies
John	Pugh	Liberal Democrat	Durham University	from Durham University, , Philosophy	No occupation found	Historical & philosophical studies
Yasmin	Qureshi	Labour	Polytechnic of the South Bank, University College London	BA , Master of Laws at University College London	Member of Parliament	Law
Dominic	Raab	Conservative	University of Oxford	law, Masters from Cambridge University, majority of , Westminster Hall debate to call on the government not to unfairly penalise Surrey Police as part of their consultation on reform of police funding	Lawyer	Social studies
John	Randall	Conservative	University of London	from the University of London with an Upper Second degree BA in Serbo	No occupation found	Social studies
Nick	Raynsford	Labour	Sidney Sussex College, Cambridge	with a BA degree in History in 	No occupation found	Historical & philosophical studies
Mark	Reckless	Conservative	Marlborough College	in PPE, him the nickname Mark Legless	Politician, barrister, economist	Social studies
John	Redwood	Conservative	Magdalen College, Oxford	at St Antony, somewhat haughty reputation with apparent disregard for national feeling	No occupation found	Other
Jamie	Reed	Labour	Manchester Metropolitan University		No occupation found	
Steve	Reed	Labour	University of Sheffield	English at Sheffield University	No occupation found	Languages
Jacob	Rees-Mogg	Conservative	Eton College	history at Trinity College, Oxford, reputation for his humorous speeches and ability to filibuster	Politician	Historical & philosophical studies
Simon	Reevell	Conservative	Manchester Polytechnic, Lincoln's Inn	Economics, he embarked on a career in the army but this was cut short by injury	Barrister	Social studies
Rachel	Reeves	Labour	New College, Oxford	Philosophy, Politics and Economics at New College, Oxford, followed by an MSc in Economics from the London School of Economics, the effects of the policy on Japan in the early , and walking	Economist	Social studies
Alan	Reid	Liberal Democrat	University of Strathclyde	BSc in Mathematics	No occupation found	Mathematical sciences
Emma	Reynolds	Labour	Wadham College, Oxford	at Wadham College at the University of Oxford, where she read Politics, Philosophy and Economics	Lobbyist	Social studies
Jonathan	Reynolds	Labour	University of Manchester	Politics and Modern History at the University of Manchester and BPP Law School 	Trainee Solicitor	Social studies
Malcolm	Rifkind	Conservative	University of Edinburgh	law before taking a postgraduate degree in political science , reputation as being a moderate voice on social and economic issues, and sometimes had disputes with Margaret Thatcher, knighthood in John Major	Advocate	Social studies
Linda	Riordan	Labour	University of Bradford	from the University of Bradford, of parliamentary records was published in the Daily Telegraph	No occupation found	Other
Margaret	Ritchie	Social Democratic and Labour Party	Queens University of Belfast		No occupation found	
Andrew	Robathan	Conservative	Oriel College, Oxford	Modern History at Oriel College, University of Oxford, with a Bachelor of Arts , for campaigns that show risk and rigour	No occupation found	Historical & philosophical studies
Angus	Robertson	Scottish National Party	University of Aberdeen		Journalist	
Hugh	Robertson	Conservative	University of Reading	Land Management at the University of Reading from , a Distinguished Fellowship by the University of Reading  	No occupation found	Agriculture & related subjects
John	Robertson	Labour	No university found		No occupation found	
Laurence	Robertson	Conservative	University of Bolton	diploma in Management Services, engineer from , around 	No occupation found	Business & administrative studies
Geoffrey	Robinson	Labour	Clare College, Cambridge		No occupation found	
Dan	Rogerson	Liberal Democrat	University of Wales, Aberystwyth	Politics at the University of Wales Aberystwyth	No occupation found	Social studies
Andrew	Rosindell	Conservative	No university found		Parliamentarian	
Steve	Rotheram	Labour	John Moores University	part, a Masters in Contemporary Urban Renaissance, out the names of all ninety	No occupation found	Other
Frank	Roy	Labour	No university found		No occupation found	
Lindsay	Roy	Labour	No university found	a Bachelor of Science degree in 	No occupation found	Other
Chris	Ruane	Labour	No university found	BSc in Economics in , PGCE in , of parliamentary records was published in the Daily Telegraph, showed that 	No occupation found	Social studies
Amber	Rudd	Conservative	University of Edinburgh	from Edinburgh University with a degree in history, she joined J	Politician	Historical & philosophical studies
Joan	Ruddock	Labour	Imperial College London		No occupation found	
David	Ruffley	Conservative	Queens' College, Cambridge	at Queens	Solicitor (1985‚Äì91)	Other
Bob	Russell	Liberal Democrat	No university found		No occupation found	
David	Rutley	Conservative	London School of Economics	at the London School of Economics and Harvard Business School	Businessman	Social studies
Adrian	Sanders	Liberal Democrat	No university found	the Diabetes UK 	Politician	Other
Laura	Sandys	Conservative	No university found		No occupation found	
Anas	Sarwar	Labour	University of Glasgow	Dentistry at Glasgow University, in 	No occupation found	Subjects allied to medicine
Andy	Sawford	Labour	Durham University	in , history from Durham University he worked in Parliament for the then	No occupation found	Historical & philosophical studies
Lee	Scott	Conservative	No university found		No occupation found	
Alison	Seabeck	Labour	North East London Polytechnic	at the North East London Polytechnic 	No occupation found	Other
Andrew	Selous	Conservative	Eton College		MP	
Jim	Shannon	DUP	No university found	the General Service Medal	No occupation found	Other
Grant	Shapps	Conservative	Manchester Polytechnic	Higher National Diploma	No occupation found	Other
Alok	Sharma	Conservative	University of Salford	BSc in Applied Physics with electronics in 	Politician	Physical sciences
Virendra	Sharma	Labour	London School of Economics	donation from Indiatourism and have therefore never been liable to make a declaration in the Parliamentary register of members	Politician	Other
Barry	Sheerman	Labour	London School of Economics, University of London		Academic	
Alec	Shelbrooke	Conservative	Brunel University	from Brunel University in 	No occupation found	Other
Richard	Shepherd	Conservative	London School of Economics (BSc),	Bachelor of Science degree in Economics, and where he studied with and became a friend of Robert Kilroy	Underwriter	Social studies
Jim	Sheridan	Labour	No university found	from University College Dublin	Film director, screenwriter and producer	Other
Gavin	Shuker	Labour	Girton College, Cambridge	Social and Political Sciences 	No occupation found	Social studies
Mark	Simmonds	Conservative	Trent Polytechnic	BSc , Urban Estate Surveying in 	No occupation found	Other
David	Simpson	DUP	No university found		No occupation found	
Keith	Simpson	Conservative	University of Hull	lists, for his party	No occupation found	Other
Chris	Skidmore	Conservative	Christ Church, Oxford	in , Modern History 	No occupation found	Historical & philosophical studies
Dennis	Skinner	Labour	Ruskin College	the Guardian	No occupation found	Other
Andy	Slaughter	Labour	University of Exeter	English between , Law, qualifying as a barrister in 	No occupation found	Law
Andrew	Smith	Labour	No university found		No occupation found	
Angela	Smith	Labour	No university found		No occupation found	
Chloe	Smith	Conservative	University of York	English Literature at the University of York, from York University she joined Deloitte Touche Tohmatsu, 	Politician	Languages
Henry	Smith	Conservative	University College London	B	Member of Parliament	Other
Julian	Smith	Conservative	Birmingham University	English and History	No occupation found	Languages
Nick	Smith	Labour	No university found		No occupation found	
Owen	Smith	Labour	No university found	History and French at the University of Sussex	No occupation found	Languages
Robert	Smith	Liberal Democrat	No university found		No occupation found	
Nicholas	Soames	Conservative	No university found	at Mons Officer Cadet School	No occupation found	Other
Anna	Soubry	Conservative	No university found	in law from the University of Birmingham in , took place in February , provider could compete to treat the same hip	No occupation found	Law
John	Spellar	Labour	St Edmund Hall, Oxford		No occupation found	
Caroline	Spelman	Conservative	Queen Mary University of London	BA First Class in European Studies from Queen Mary College, University of London	No occupation found	Other
Mark	Spencer	Conservative	No university found	at Shuttleworth Agricultural College in Bedfordshire, before joining the family farm business	No occupation found	Agriculture & related subjects
John	Stanley	Conservative	No university found		No occupation found	
Andrew	Stephenson	Conservative	Royal Holloway, University of London	at Royal Holloway College, University of London, , with a degree in Management Studies in 	Insurance broker	Business & administrative studies
John	Stevenson	Conservative	No university found		No occupation found	
Bob	Stewart	Conservative	No university found		No occupation found	
Iain	Stewart	Conservative	Exeter University	politics at the University of Exeter before training as an accountant with Coopers , various rail links and rail systems	No occupation found	Social studies
Rory	Stewart	Conservative	Eton College	modern history and politics, philosophy and economics , the Royal Scottish Geographical Society, at school, in the Foreign Office, and on his Asian travels Latin, Greek, Russian, Chinese, Serbo	No occupation found	Social studies
Jack	Straw	Labour	University of Leeds	Law at the University of Leeds, with a , as a barrister at Inns of Court School of Law, practising criminal law for two years from 	No occupation found	Law
Gary	Streeter	Conservative	King's College London	first class honours degree in Law	No occupation found	Law
Mel	Stride	Conservative	St Edmund Hall, Oxford		No occupation found	
Graham	Stringer	Labour	University of Sheffield	in Chemistry from the University of Sheffield in 	No occupation found	Physical sciences
Gisela	Stuart	Labour	London School of Economics	from the University of London with an LLB in , through the University of London External System, in a British University	No occupation found	Law
Graham	Stuart	Conservative	Selwyn College, Cambridge	at Glenalmond College, an independent school in Perthshire, followed by Selwyn College at the University of Cambridge from , Philosophy and Law 	No occupation found	Law
Andrew	Stunell	Liberal Democrat	Victoria University of Manchester	, Architecture at University of Manchester and Liverpool Polytechnic, the Order of the British Empire in , edit	No occupation found	Architecture, building & planning
Julian	Sturdy	Conservative	Harper Adams University	at agricultural college	No occupation found	Agriculture & related subjects
Gerry	Sutcliffe	Labour	No university found		No occupation found	
Ian	Swales	Liberal Democrat	UMIST	as an accountant in 	No occupation found	Business & administrative studies
Desmond	Swayne	Conservative	University of St Andrews	Theology at St Marys College at the University of St Andrews	Bank manager	Historical & philosophical studies
Jo	Swinson	Liberal Democrat	London School of Economics	Management gaining a Bachelor of Science in , with a first class degree, , 	No occupation found	Business & administrative studies
Hugo	Swire	Conservative	Eton College		No occupation found	
Robert	Syms	Conservative	No university found		No occupation found	
Mark	Tami	Labour	University of Wales, Swansea	in history at the University of Wales, Swansea	No occupation found	Historical & philosophical studies
Peter	Tapsell	Conservative	No university found		No occupation found	
Sarah	Teather	Liberal Democrat	St John's College, Cambridge	, Natural Sciences specialising in pharmacology	No occupation found	Physical sciences
Gareth	Thomas	Labour	No university found		No occupation found	
Emily	Thornberry	Labour	University of Kent	law	Politician	Law
Mike	Thornton	Liberal Democrat	No university found		No occupation found	
John	Thurso	Liberal Democrat	Eton College		No occupation found	
Stephen	Timms	Labour	Emmanuel College, Cambridge	Mathematics at Emmanuel College, Cambridge where he gained an MA in Mathematics in 	No occupation found	Mathematical sciences
Edward	Timpson	Conservative	Durham University	politics before converting to law	No occupation found	Social studies
Justin	Tomlinson	Conservative	Oxford Brookes		No occupation found	
David	Tredinnick	Conservative	Eton College	MLitt	No occupation found	Languages
Jon	Trickett	Labour	No university found	at Roundhay Grammar School , BA in Politics from the University of Hull, and later an MA in Political Sociology from the University of Leeds	No occupation found	Social studies
Elizabeth	Truss	Conservative	Merton College, Oxford	both Ordinary Maths and Advanced Maths, Philosophy, Politics and Economics at Merton College, Oxford, management accountant, maths to , double A	Economist	Mathematical sciences
Andrew	Turner	Conservative	Keble College, Oxford	to be a teacher at the University of Birmingham and Henley Management College, GCSE maths and 	No occupation found	Mathematical sciences
Karl	Turner	Labour	University of Hull	Business Administration, law degree as a mature student at the University of Hull	No occupation found	Law
Derek	Twigg	Labour	No university found		No occupation found	
Stephen	Twigg	Labour	Balliol College, Oxford	Philosophy, Politics, and Economics	No occupation found	Social studies
Andrew	Tyrie	Conservative	Trinity College, Oxford;	PPE, graduating in , a postgraduate Certificate of Advanced European Studies 	Politician, Journalist	Social studies
Chuka	Umunna	Labour	University of Manchester	an upper second class LLB in English and French Law from the University of Manchester, he studied for one term at the University of Burgundy in Dijon, before studying for an MA at Nottingham Law School	MP	Social studies
Paul	Uppal	Conservative	University of Warwick	three A levels in Politics, History and Sociology at Matthew Boulton College, Politics and Sociology at the University of Warwick	No occupation found	Social studies
Edward	Vaizey	Conservative	No university found		No occupation found	
Shailesh	Vara	Conservative	Brunel University	as a solicitor, the accolade of official 	Solicitor	Law
Keith	Vaz	Labour	Gonville and Caius College, Cambridge	law and obtained a BA 	Member of Parliament	Law
Valerie	Vaz	Labour	No university found	Biochemistry in , as a solicitor 	Lawyer	Physical sciences
Martin	Vickers	Conservative	University of Lincoln		No occupation found	
Theresa	Villiers	Conservative	University of Bristol	Bachelor of Laws , she worked as a barrister and as a lecturer at King	No occupation found	Law
Charles	Walker	Conservative	No university found		No occupation found	
Robin	Walker	Conservative	St. Paul's School (Barnes, London)	Ancient and Modern History	MP	Historical & philosophical studies
Ben	Wallace	Conservative	No university found	criminal justice, year of probation and community service for punching Indiana players in the stands	No occupation found	Law
Joan	Walley	Labour	No university found	BA in Social Administration, Diploma in Community Work Development	No occupation found	Social studies
Robert	Walter	Conservative	Aston University	BSc in , an honorary doctorate, D	No occupation found	Medicine & dentistry
David	Ward	Liberal Democrat	No university found	as a member of the Chartered Institute of Public Finance and Accountancy , MSc from the University of Leicester	Member of Parliament	Business & administrative studies
Angela	Watkinson	Conservative	No university found	Public Administration Higher National Certificate from Anglia Higher Education College, of the Marriage 	No occupation found	Education
Tom	Watson	Labour	No university found		No occupation found	
Dave	Watts	Labour	No university found		No occupation found	
Mike	Weatherley	Conservative	London South Bank University	business studies at London South Bank University, ski instructor and football referee, and former centre	No occupation found	Business & administrative studies
Steve	Webb	Liberal Democrat	Hertford College, Oxford	Philosophy, Politics and Economics at Hertford College, Oxford	Academic	Social studies
Michael	Weir	Scottish National Party	No university found		No occupation found	
James	Wharton	Conservative	Durham University	Law , the Legal Practice Course at The College of Law in York and qualified as a solicitor with BHP Law, a firm in the Northeast, huge upswing in donations from rich, Conservative supporters  	Solicitor	Law
Heather	Wheeler	Conservative	No university found	as an Associate of the Chartered Insurance Institute	No occupation found	Other
Chris	White	Conservative	No university found	BEng in Engineering, and an MBA from the University of Bath	No occupation found	Engineering & technology
Eilidh	Whiteford	Scottish National Party	No university found	with First Class Honours in English and Scottish Literature, followed by postgraduate studies in Canada and Scotland that led to a PhD in 	university lecturer, charity manager	Languages
Alan	Whitehead	Labour	University of Southampton	Politics and Philosophy at the University of Southampton, was President of Southampton University Students	No occupation found	Social studies
Craig	Whittaker	Conservative	No university found		No occupation found	
John	Whittingdale	Conservative	University College London		No occupation found	
Bill	Wiggin	Conservative	Eton College	Economics at the Bangor University, gaining a Bachelor of Arts 	No occupation found	Social studies
David	Willetts	Conservative	Christ Church, Oxford	Philosophy, Politics and Economics, with a first class degree, mixed reception	No occupation found	Social studies
Hywel	Williams	Plaid Cymru	University of Wales, Cardiff	in psychology	No occupation found	Social studies
Mark	Williams	Liberal Democrat	University of Wales, Aberystwyth, University of Plymouth	politics	No occupation found	Social studies
Roger	Williams	Liberal Democrat	University of Cambridge	at Christ College, Brecon, and Selwyn College, Cambridge, in Natural Sciences he returned to Breconshire becoming a livestock farmer	No occupation found	Physical sciences
Stephen	Williams	Liberal Democrat	University of Bristol	in , History, as Chartered Tax Adviser and worked for several large firms including PriceWaterhouseCoopers and Grant Thornton, debate on the introduction of same sex marriage	Corporate Tax Advisor	Historical & philosophical studies
Chris	Williamson	Labour	De Montfort University	CQSW in 	No occupation found	Other
Gavin	Williamson	Conservative	University of Bradford	BSc degree in social sciences	No occupation found	Social studies
Jennifer	Willott	Liberal Democrat	No university found		No occupation found	
Phil	Wilson	Labour	No university found		No occupation found	
Rob	Wilson	Conservative	University of Reading	, edit	Politician	Other
Sammy	Wilson	DUP	Queen's University Belfast	Economics and Politics at both Queen, Finance Minister that Northern Ireland has had in decades	No occupation found	Social studies
David	Winnick	Labour	No university found		No occupation found	
Rosie	Winterton	Labour	University of Hull	for a BA in History at the University of Hull 	No occupation found	Historical & philosophical studies
Pete	Wishart	Scottish National Party	No university found		Musician, community worker	
Sarah	Wollaston	Conservative	King's College London	at King, reputation for being an independent, medicine, taking an additional course in pathology at the same time as her primary course, with a Bachelor of Science degree in Pathology in , in Medicine from King, candidate, rather than the candidate most in favour with the Government	No occupation found	Medicine & dentistry
Mike	Wood	Labour	No university found		No occupation found	
John	Woodcock	Labour	University of Edinburgh		No occupation found	
Shaun	Woodward	Labour	Jesus College, Cambridge	English literature, and Harvard University as a Kennedy Scholar, total of 	No occupation found	Languages
David	Wright	Labour	No university found	the , the nickname 	No occupation found	Other
Iain	Wright	Labour	University College London	with a BA in 	No occupation found	Other
Jeremy	Wright	Conservative	University of Exeter	Law degree from Exeter University	No occupation found	Law
Simon	Wright	Liberal Democrat	Imperial College London		No occupation found	
Tim	Yeo	Conservative	Emmanuel College, Cambridge	History and graduated in 	No occupation found	Historical & philosophical studies
George	Young	Conservative	No university found		No occupation found	
Nadhim	Zahawi	Conservative	University College London	Chemical Engineering, receiving a BSc, single bill covering both a meter in the stables and one in his house	Member of Parliament	Engineering & technology
